name,face_id,path,Time
chaeyoung,df674251-dede-4204-9e31-5e9d31a56cc6,C:/Users/CNH/PycharmProjects/untitled1/images/123.jpg,2020-08-13 09:46:50
chaeyoung,df674251-dede-4204-9e31-5e9d31a56cc6,C:/Users/CNH/PycharmProjects/untitled1/images/123.jpg,2020-08-13 09:46:51
chaeyoung,df674251-dede-4204-9e31-5e9d31a56cc6,C:/Users/CNH/PycharmProjects/untitled1/images/123.jpg,2020-08-13 09:46:51
chaeyoung,df674251-dede-4204-9e31-5e9d31a56cc6,C:/Users/CNH/PycharmProjects/untitled1/images/123.jpg,2020-08-13 09:46:52
chaeyoung,df674251-dede-4204-9e31-5e9d31a56cc6,C:/Users/CNH/PycharmProjects/untitled1/images/123.jpg,2020-08-13 09:46:57
chaeyoung,df674251-dede-4204-9e31-5e9d31a56cc6,C:/Users/CNH/PycharmProjects/untitled1/images/123.jpg,2020-08-13 09:46:57
chaeyoung,df674251-dede-4204-9e31-5e9d31a56cc6,C:/Users/CNH/PycharmProjects/untitled1/images/123.jpg,2020-08-13 09:46:58
chaeyoung,df674251-dede-4204-9e31-5e9d31a56cc6,C:/Users/CNH/PycharmProjects/untitled1/images/123.jpg,2020-08-13 09:46:58
chaeyoung,df674251-dede-4204-9e31-5e9d31a56cc6,C:/Users/CNH/PycharmProjects/untitled1/images/123.jpg,2020-08-13 09:48:27
chaeyoung,df674251-dede-4204-9e31-5e9d31a56cc6,C:/Users/CNH/PycharmProjects/untitled1/images/123.jpg,2020-08-13 09:48:27
chaeyoung,df674251-dede-4204-9e31-5e9d31a56cc6,C:/Users/CNH/PycharmProjects/untitled1/images/123.jpg,2020-08-13 09:48:27
chaeyoung,df674251-dede-4204-9e31-5e9d31a56cc6,C:/Users/CNH/PycharmProjects/untitled1/images/123.jpg,2020-08-13 09:48:27
chaeyoung,df674251-dede-4204-9e31-5e9d31a56cc6,C:/Users/CNH/PycharmProjects/untitled1/images/123.jpg,2020-08-13 09:48:31
chaeyoung,df674251-dede-4204-9e31-5e9d31a56cc6,C:/Users/CNH/PycharmProjects/untitled1/images/123.jpg,2020-08-13 09:48:31
chaeyoung,df674251-dede-4204-9e31-5e9d31a56cc6,C:/Users/CNH/PycharmProjects/untitled1/images/123.jpg,2020-08-13 09:48:31
chaeyoung,df674251-dede-4204-9e31-5e9d31a56cc6,C:/Users/CNH/PycharmProjects/untitled1/images/123.jpg,2020-08-13 09:48:31
chaeyoung,df674251-dede-4204-9e31-5e9d31a56cc6,C:/Users/CNH/PycharmProjects/untitled1/images/123.jpg,2020-08-13 09:48:35
chaeyoung,df674251-dede-4204-9e31-5e9d31a56cc6,C:/Users/CNH/PycharmProjects/untitled1/images/123.jpg,2020-08-13 09:48:38
chaeyoung,df674251-dede-4204-9e31-5e9d31a56cc6,C:/Users/CNH/PycharmProjects/untitled1/images/123.jpg,2020-08-13 09:48:38
chaeyoung,df674251-dede-4204-9e31-5e9d31a56cc6,C:/Users/CNH/PycharmProjects/untitled1/images/123.jpg,2020-08-13 09:48:38
chaeyoung,df674251-dede-4204-9e31-5e9d31a56cc6,C:/Users/CNH/PycharmProjects/untitled1/images/123.jpg,2020-08-13 09:48:38
chaeyoung,df674251-dede-4204-9e31-5e9d31a56cc6,C:/Users/CNH/PycharmProjects/untitled1/images/123.jpg,2020-08-13 09:48:41
chaeyoung,df674251-dede-4204-9e31-5e9d31a56cc6,C:/Users/CNH/PycharmProjects/untitled1/images/123.jpg,2020-08-13 09:48:41
chaeyoung,df674251-dede-4204-9e31-5e9d31a56cc6,C:/Users/CNH/PycharmProjects/untitled1/images/123.jpg,2020-08-13 09:48:42
chaeyoung,df674251-dede-4204-9e31-5e9d31a56cc6,C:/Users/CNH/PycharmProjects/untitled1/images/123.jpg,2020-08-13 15:28:45
chaeyoung,df674251-dede-4204-9e31-5e9d31a56cc6,C:/Users/CNH/PycharmProjects/untitled1/images/123.jpg,2020-08-13 15:28:46
chaeyoung,df674251-dede-4204-9e31-5e9d31a56cc6,C:/Users/CNH/PycharmProjects/untitled1/images/123.jpg,2020-08-13 15:28:46
chaeyoung,df674251-dede-4204-9e31-5e9d31a56cc6,C:/Users/CNH/PycharmProjects/untitled1/images/123.jpg,2020-08-13 15:28:46
chaeyoung,df674251-dede-4204-9e31-5e9d31a56cc6,C:/Users/CNH/PycharmProjects/untitled1/images/123.jpg,2020-08-13 15:28:53
chaeyoung,df674251-dede-4204-9e31-5e9d31a56cc6,C:/Users/CNH/PycharmProjects/untitled1/images/123.jpg,2020-08-13 15:28:53
chaeyoung,df674251-dede-4204-9e31-5e9d31a56cc6,C:/Users/CNH/PycharmProjects/untitled1/images/123.jpg,2020-08-13 15:28:53
chaeyoung,df674251-dede-4204-9e31-5e9d31a56cc6,C:/Users/CNH/PycharmProjects/untitled1/images/123.jpg,2020-08-13 15:28:53
낙현,9fe09abc-4687-4b04-82bb-3d9a2df6cbbe,C:/Users/CNH/PycharmProjects/untitled1/images/me.jpg,2020-08-13 15:48:33
낙현,9fe09abc-4687-4b04-82bb-3d9a2df6cbbe,C:/Users/CNH/PycharmProjects/untitled1/images/me.jpg,2020-08-13 15:48:33
낙현,9fe09abc-4687-4b04-82bb-3d9a2df6cbbe,C:/Users/CNH/PycharmProjects/untitled1/images/me.jpg,2020-08-13 15:48:34
낙현,9fe09abc-4687-4b04-82bb-3d9a2df6cbbe,C:/Users/CNH/PycharmProjects/untitled1/images/me.jpg,2020-08-13 15:48:34
낙현,9fe09abc-4687-4b04-82bb-3d9a2df6cbbe,C:/Users/CNH/PycharmProjects/untitled1/images/me.jpg,2020-08-13 15:48:38
낙현,9fe09abc-4687-4b04-82bb-3d9a2df6cbbe,C:/Users/CNH/PycharmProjects/untitled1/images/me.jpg,2020-08-13 15:48:38
낙현,9fe09abc-4687-4b04-82bb-3d9a2df6cbbe,C:/Users/CNH/PycharmProjects/untitled1/images/me.jpg,2020-08-13 15:48:38
낙현,9fe09abc-4687-4b04-82bb-3d9a2df6cbbe,C:/Users/CNH/PycharmProjects/untitled1/images/me.jpg,2020-08-13 15:48:38
낙현,9fe09abc-4687-4b04-82bb-3d9a2df6cbbe,C:/Users/CNH/PycharmProjects/untitled1/images/me.jpg,2020-08-13 15:56:10
낙현,9fe09abc-4687-4b04-82bb-3d9a2df6cbbe,C:/Users/CNH/PycharmProjects/untitled1/images/me.jpg,2020-08-13 18:02:21
낙현,9fe09abc-4687-4b04-82bb-3d9a2df6cbbe,C:/Users/CNH/PycharmProjects/untitled1/images/me.jpg,2020-08-13 18:02:41
낙현,9fe09abc-4687-4b04-82bb-3d9a2df6cbbe,C:/Users/CNH/PycharmProjects/untitled1/images/me.jpg,2020-08-13 18:02:41
낙현,9fe09abc-4687-4b04-82bb-3d9a2df6cbbe,C:/Users/CNH/PycharmProjects/untitled1/images/me.jpg,2020-08-13 18:02:45
낙현,9fe09abc-4687-4b04-82bb-3d9a2df6cbbe,C:/Users/CNH/PycharmProjects/untitled1/images/me.jpg,2020-08-13 18:02:45
낙현,9fe09abc-4687-4b04-82bb-3d9a2df6cbbe,C:/Users/CNH/PycharmProjects/untitled1/images/me.jpg,2020-08-13 18:02:46
낙현,9fe09abc-4687-4b04-82bb-3d9a2df6cbbe,C:/Users/CNH/PycharmProjects/untitled1/images/me.jpg,2020-08-13 18:02:46
낙현,9fe09abc-4687-4b04-82bb-3d9a2df6cbbe,C:/Users/CNH/PycharmProjects/untitled1/images/me.jpg,2020-08-13 18:10:50
낙현,9fe09abc-4687-4b04-82bb-3d9a2df6cbbe,C:/Users/CNH/PycharmProjects/untitled1/images/me.jpg,2020-08-13 18:10:54
낙현,9fe09abc-4687-4b04-82bb-3d9a2df6cbbe,C:/Users/CNH/PycharmProjects/untitled1/images/me.jpg,2020-08-13 18:11:20
